created_at,entry_id,field2
2024-03-25 02:25:31 UTC,86,7
2024-03-25 02:25:52 UTC,87,40
2024-03-25 02:26:13 UTC,88,52
2024-03-25 02:26:33 UTC,89,16
2024-03-25 02:26:54 UTC,90,52
2024-03-25 02:27:15 UTC,91,48
2024-03-25 02:27:35 UTC,92,86
2024-03-25 02:27:56 UTC,93,89
2024-03-25 02:28:16 UTC,94,95
2024-03-25 02:28:37 UTC,95,28
2024-03-25 02:28:58 UTC,96,18
2024-03-25 02:29:18 UTC,97,65
2024-03-25 02:29:39 UTC,98,32
2024-03-25 02:30:00 UTC,99,16
2024-03-25 02:30:20 UTC,100,43
2024-03-25 02:30:42 UTC,101,51
2024-03-25 02:31:03 UTC,102,16
2024-03-25 02:31:23 UTC,103,73
2024-03-25 02:31:44 UTC,104,68
2024-03-25 02:32:04 UTC,105,61
2024-03-25 02:32:25 UTC,106,83
2024-03-25 02:32:46 UTC,107,5
2024-03-25 02:33:06 UTC,108,10
2024-03-25 02:33:27 UTC,109,22
2024-03-25 02:33:48 UTC,110,99
2024-03-25 02:34:09 UTC,111,8
2024-03-25 02:34:29 UTC,112,78
2024-03-25 02:34:50 UTC,113,93
2024-03-25 02:35:11 UTC,114,90
2024-03-25 02:35:31 UTC,115,37
2024-03-25 02:35:52 UTC,116,92
2024-03-25 02:36:13 UTC,117,29
2024-03-25 02:36:33 UTC,118,5
2024-03-25 02:36:54 UTC,119,20
2024-03-25 02:37:15 UTC,120,32
2024-03-25 02:37:35 UTC,121,75
2024-03-25 02:38:23 UTC,122,31.71
2024-03-25 02:38:45 UTC,123,31.71
2024-03-25 02:39:16 UTC,124,0.0
2024-03-25 02:39:31 UTC,125,31.71
2024-03-25 02:39:48 UTC,126,31.71
2024-03-25 02:40:13 UTC,127,31.71
2024-03-25 02:40:39 UTC,128,31.71
2024-03-25 02:41:04 UTC,129,31.71
2024-03-25 02:41:29 UTC,130,31.71
2024-03-25 02:44:54 UTC,131,31.71
2024-03-25 02:45:11 UTC,132,31.71
2024-03-25 02:45:37 UTC,133,31.71
2024-03-25 02:46:07 UTC,134,31.71
2024-03-25 02:47:36 UTC,135,31.71
2024-03-25 02:48:06 UTC,136,31.71
2024-03-25 02:48:23 UTC,137,31.71
2024-03-25 02:48:53 UTC,138,31.71
2024-03-25 02:49:20 UTC,139,31.71
2024-03-25 02:49:36 UTC,140,31.71
2024-03-25 02:50:03 UTC,141,31.71
2024-03-25 02:50:30 UTC,142,31.71
2024-03-25 02:50:46 UTC,143,31.71
2024-03-25 02:51:13 UTC,144,31.71
2024-03-25 02:51:29 UTC,145,31.71
2024-03-25 02:51:53 UTC,146,31.71
2024-03-25 02:52:20 UTC,147,31.71
2024-03-25 02:52:46 UTC,148,31.71
2024-03-25 02:53:14 UTC,149,31.71
2024-03-25 02:53:40 UTC,150,31.71
2024-03-25 02:54:05 UTC,151,31.71
2024-03-25 02:54:33 UTC,152,31.71
2024-03-25 02:54:50 UTC,153,31.71
2024-03-25 02:55:05 UTC,154,31.71
2024-03-25 02:55:31 UTC,155,31.71
2024-03-25 02:55:57 UTC,156,31.71
2024-03-25 02:56:24 UTC,157,31.71
2024-03-25 02:56:40 UTC,158,31.71
2024-03-25 02:57:04 UTC,159,31.71
2024-03-25 02:57:32 UTC,160,31.71
2024-03-25 02:57:48 UTC,161,31.71
2024-03-25 02:58:17 UTC,162,31.71
2024-03-25 02:58:44 UTC,163,31.71
2024-03-25 02:59:00 UTC,164,31.71
2024-03-25 02:59:28 UTC,165,31.71
2024-03-25 02:59:53 UTC,166,31.71
2024-03-25 03:00:20 UTC,167,31.71
2024-03-25 03:00:44 UTC,168,31.71
2024-03-25 03:01:09 UTC,169,31.71
2024-03-25 03:01:35 UTC,170,31.71
2024-03-25 03:02:00 UTC,171,31.71
2024-03-25 03:02:25 UTC,172,31.71
2024-03-25 03:02:51 UTC,173,31.71
2024-03-25 03:03:16 UTC,174,31.71
2024-03-25 03:03:41 UTC,175,31.71
2024-03-25 03:04:06 UTC,176,31.71
2024-03-25 03:04:32 UTC,177,31.71
2024-03-25 03:04:57 UTC,178,31.71
2024-03-25 03:05:21 UTC,179,31.71
2024-03-25 03:05:46 UTC,180,31.71
2024-03-25 03:06:11 UTC,181,31.71
2024-03-25 03:06:36 UTC,182,31.71
2024-03-25 03:07:02 UTC,183,31.71
2024-03-25 03:07:27 UTC,184,31.71
2024-03-25 03:07:43 UTC,185,31.71
